,total_citations,influential_citations,h_index,citation_velocity,normalized_score
total_citations,1.0,0.9025120661814009,0.5466596229524914,0.8981303758375915,0.48493374115453164
influential_citations,0.9025120661814009,1.0,0.37946608599344056,0.8529843796543356,0.3873883618456797
h_index,0.5466596229524914,0.37946608599344056,1.0,0.5744935857695174,0.5434031581112754
citation_velocity,0.8981303758375915,0.8529843796543356,0.5744935857695174,1.0,0.4734879924071248
normalized_score,0.48493374115453164,0.3873883618456797,0.5434031581112754,0.4734879924071248,1.0
